ID,Gang name,Ransomware Type,Anno inizio attività,Anno fine attività,Country of origin,Source,TTPS,TTPS,TTPS,TTPS,TTPS,TTPS,TTPS,TTPS,TTPS,TTPS,TTPS,TTPS,TTPS,TTPS,TTPS,TTPS,TTPS,TTPS,TTPS,TTPS,TTPS,TTPS,TTPS,TTPS,TTPS,TTPS,TTPS,TTPS,TTPS,TTPS,TTPS,TTPS,TTPS,TTPS,TTPS,TTPS,TTPS,TTPS,TTPS,TTPS,TTPS,TTPS,TTPS,TTPS,TTPS,TTPS,TTPS,TTPS,TTPS,TTPS,TTPS,TTPS,TTPS,TTPS,TTPS,TTPS,TTPS,TTPS,TTPS,TTPS,TTPS,TTPS,TTPS,TTPS,TTPS,TTPS,TTPS,TTPS,TTPS,TTPS,TTPS,TTPS,TTPS,TTPS,TTPS,TTPS,TTPS,TTPS,TTPS,TTPS,TTPS,TTPS,TTPS,TTPS,TTPS,TTPS,TTPS,TTPS,TTPS,TTPS,TTPS,TTPS,TTPS,TTPS,TTPS,TTPS,TTPS,TTPS,TTPS,TTPS,TTPS,TTPS,TTPS,TTPS,TTPS,TTPS,TTPS,TTPS,TTPS,TTPS,TTPS
1,0mega,"Crypto-Ransomware, Data Broker",2022,,Russia;Eastern Europe,,T1566,T1566.001,T1566.002,T1190,T1059,T1059.001,T1059.003,T1059.004,T1204,T1204.001,T1204.002,T1547,T1547.001,T1053.005,T1136,T1136.001,T1068,T1078,T1078.003,T1078.002,T1027,T1027.001,T1027.002,T1140,T1562,T1562.001,T1112,T1036,T1036.005,T1070,T1070.001,T1003,T1003.001,T1003.002,T1110,T1110.001,T1016,T1049,T1082,T1087,T1087.001,T1087.002,T1021,T1021.002,T1021.001,T1534,T1550.002,T1005,T1039,T1074,T1071,T1071.001,T1095,T1573,T1573.002,T1219,T1041,T1567,T1567.002,T1486,T1490,T1487.001,T1485,T1498,T1498.001,T1090.003,,,,,,,,,,,,,,,,,,,,,,,,,,,,,,,,,,,,,,,,,,,,,
2,8base,"Crypto-Ransomware, Data Broker",2022,,Russia;Eastern Europe,Cybernews,T1595,T1598,T1583,T1587,T1566.001,T1053,T1059,T1129,T1547,T1547.001,T1036,T1070.004,T1112,T1202,T1222,T1497,T1562,T1562.001,T1562.004,T1564,T1564.001,T1003,T1056,T1057,T1082,T1083,T1518.001,T1080,T1005,T1074,T1560,T1071,T1071.001,T1041,T1485,T1490,TA0002,TA0003,TA0004,TA0005,TA0006,TA0007,TA0008,TA0009,TA0040,T1027,T1135,T1486,T1134.001,T1027.002,,,,,,,,,,,,,,,,,,,,,,,,,,,,,,,,,,,,,,,,,,,,,,,,,,,,,,,,,,,,,
3,abyss,Crypto-Ransomware,2020,,Eastern Europe,,T1036.005,T1190,T1537,T1567,T1020,T1078,T1569.002,T1059.003,T1547.009,T1041,T1059.001,T1016.001,T1486,T1566.001,T1566.002,T1027.001,T1114.001,T1029,T1195,T1547.001,,,,,,,,,,,,,,,,,,,,,,,,,,,,,,,,,,,,,,,,,,,,,,,,,,,,,,,,,,,,,,,,,,,,,,,,,,,,,,,,,,,,,,,,,,,
4,akira,Crypto-Ransomware,2023,,Russia,,TA0001,TA0002,TA0003,TA0004,TA0005,TA0006,TA0007,TA0008,TA0009,TA0010,TA0011,TA0040,T1078,T1136.002,T1078.002,T1562.001,T1003.001,T1082,T1570,T1560.001,T1567.002,T1229,T1490,T1059.001,T1136.001,T1112,T1021.001,T1048.003,T1486,T1133,T1059.002,T1018,T1190,T1059.003,T1047,T1566.001,T1566.002,T1003,T1016,T1482,T1048,T1537,T1657,T1219,T1090,,,,,,,,,,,,,,,,,,,,,,,,,,,,,,,,,,,,,,,,,,,,,,,,,,,,,,,,,,,,,,,,,,
5,alphalocker,"Crypto-Ransomware, Data Broker",2023,,Russia;Eastern Europe,,T1110,T1047,T1008,,,,,,,,,,,,,,,,,,,,,,,,,,,,,,,,,,,,,,,,,,,,,,,,,,,,,,,,,,,,,,,,,,,,,,,,,,,,,,,,,,,,,,,,,,,,,,,,,,,,,,,,,,,,
6,alphv,"Crypto-Ransomware, RaaS",,,Russia,,T1078,T1133,T1190,TA0002,T1106,T1053,T1059.003,T1059.001,T1569.002,T1072,T1547,T1134.002,T1548.002,T1027,T1562.001,T1070.001,T1140,T1497,T1036,T1112,T1555,T1552,T1003.001,T1018,T1069.001,T1087.001,T1082,T1046,T1135,T1016,T1057,T1007,T1083,TA0008,T1021.002,T1021.004,T1570,T1021.001,T1005,T1039,T1074,T1119,T1560.001,T1071,T1105,T1572,T1573,T1219,T1041,T1020,T1030,T1048.002,T1567.002,T1485,T1486,T1489,T1490,T1498,T1598,T1586,T1558,T1557,TA0001,TA0003,TA0004,TA0005,TA0006,TA0010,TA0040,,,,,,,,,,,,,,,,,,,,,,,,,,,,,,,,,,,,,,,,,,
7,apos,,2023,,Russia;Eastern Europe,,T1660,,,,,,,,,,,,,,,,,,,,,,,,,,,,,,,,,,,,,,,,,,,,,,,,,,,,,,,,,,,,,,,,,,,,,,,,,,,,,,,,,,,,,,,,,,,,,,,,,,,,,,,,,,,,,,
8,apt73,Data Broker,2019,,,,T1486,T1005,,,,,,,,,,,,,,,,,,,,,,,,,,,,,,,,,,,,,,,,,,,,,,,,,,,,,,,,,,,,,,,,,,,,,,,,,,,,,,,,,,,,,,,,,,,,,,,,,,,,,,,,,,,,,
9,arcusmedia,"Data Broker, RaaS",2024,,,,T1566,T1204,T1053,T1098,T1027,T1562,T1046,T1021.001,,,,,,,,,,,,,,,,,,,,,,,,,,,,,,,,,,,,,,,,,,,,,,,,,,,,,,,,,,,,,,,,,,,,,,,,,,,,,,,,,,,,,,,,,,,,,,,,,,,,,,,
10,atomsilo,Crypto-Ransomware,2021,2021,China,,T1486,T1082,T1190,T1218.005,T1070.004,T1124,T1005,T1497,T1547.001,T1071,T1203,T1486,T1021,T1071.001,T1071.002,,,,,,,,,,,,,,,,,,,,,,,,,,,,,,,,,,,,,,,,,,,,,,,,,,,,,,,,,,,,,,,,,,,,,,,,,,,,,,,,,,,,,,,,,,,,,,,,
11,avaddon,"Crypto-Ransomware, RaaS",2019,2021,Russia,,T1021,T1133,T1595,T1190,T1498,T1035,T1003,T1046,T1098,T1485,T1486,T1112,T1083,T1016,T1120,T1060,T1055.012,T1043,T1059,T1490,,,,,,,,,,,,,,,,,,,,,,,,,,,,,,,,,,,,,,,,,,,,,,,,,,,,,,,,,,,,,,,,,,,,,,,,,,,,,,,,,,,,,,,,,,,
12,avoslocker,"Crypto-Ransomware,RaaS",2021,2023,Russia,,T1547,T1547.001,T1486,T1140,T1083,T1564,T1564.003,T1562,T1562.009,T1036,T1036.008,T1106,T1135,T1027,T1027.007,T1057,T1489,T1529,T1124,T1572,T1505.003,T1555,T1133,T1059.003,T1059.001,T1047,,,,,,,,,,,,,,,,,,,,,,,,,,,,,,,,,,,,,,,,,,,,,,,,,,,,,,,,,,,,,,,,,,,,,,,,,,,,,,,,,,,,,
13,azroteam,,2020,2021,,,,,,,,,,,,,,,,,,,,,,,,,,,,,,,,,,,,,,,,,,,,,,,,,,,,,,,,,,,,,,,,,,,,,,,,,,,,,,,,,,,,,,,,,,,,,,,,,,,,,,,,,,,,,,,,,
14,babuk,Crypto-Ransomware,2021,2021,Russia,,T1059,T1486,T1140,T1083,T1562,T1562.001,T1490,T1106,T1135,T1027,T1027.002,T1057,T1489,T1082,T1049,T1007,,,,,,,,,,,,,,,,,,,,,,,,,,,,,,,,,,,,,,,,,,,,,,,,,,,,,,,,,,,,,,,,,,,,,,,,,,,,,,,,,,,,,,,,,,,,,,,
15,bianlian,Crypto-Ransomware,2022,,China,,TA0002,TA0005,TA0007,TA0008,TA0040,T1204,T1497,T1082,T1091,T1486,T1059,T1027.002,T1083,T1036,T1518.001,T1120,T1078,T1133,T1566,T1587.001,T1105,T1219,T1136.001,T1098,T1059.001,T1059.003,T1562.001,T1112,T1046,T1135,T1482,T1033,T1069.002,T1087.002,T1018,T1552.001,T1003.001,T1003.003,T1021.001,T1562.004,TT1012,T1115,T1048,T1537,T1567.002,T1053.005,T1012,T1003,,,,,,,,,,,,,,,,,,,,,,,,,,,,,,,,,,,,,,,,,,,,,,,,,,,,,,,,,,,,,,,
16,blackbasta,"Crypto-Ransomware,HumOR,RaaS",2022,,Russia,,T1566,T1078,T1036,T1068,T1059.001,T1562.001,T1486,T1490,T1190,,,,,,,,,,,,,,,,,,,,,,,,,,,,,,,,,,,,,,,,,,,,,,,,,,,,,,,,,,,,,,,,,,,,,,,,,,,,,,,,,,,,,,,,,,,,,,,,,,,,,,
17,blackbyte,"Crypto-Ransomware,RaaS",2021,,Russia,,T1598,T1190,T1053.005,T1134,T1140,T1222,T1562.001,T1083,T1069.002,T1570,T1560.001,T1567,T1071.001,T1486,T1489,,,,,,,,,,,,,,,,,,,,,,,,,,,,,,,,,,,,,,,,,,,,,,,,,,,,,,,,,,,,,,,,,,,,,,,,,,,,,,,,,,,,,,,,,,,,,,,,
18,blackmatter,"Crypto-Ransomware, RaaS",2021,2021,Eastern Europe,,T1566,T1204,T1082,T1497.003,T1490,T1489,T1486,T1057,T1003.001,T1567,T1021.002,T1561,T1007,T1133,T1018,,,,,,,,,,,,,,,,,,,,,,,,,,,,,,,,,,,,,,,,,,,,,,,,,,,,,,,,,,,,,,,,,,,,,,,,,,,,,,,,,,,,,,,,,,,,,,,,
19,blackout,"Crypto-Ransomware,Data Broker",2024,,Russia,,T1068,T1562.001,T1489,T1106,,,,,,,,,,,,,,,,,,,,,,,,,,,,,,,,,,,,,,,,,,,,,,,,,,,,,,,,,,,,,,,,,,,,,,,,,,,,,,,,,,,,,,,,,,,,,,,,,,,,,,,,,,,
20,blackshadow,Crypto-Ransomware,2021,2021,,,,,,,,,,,,,,,,,,,,,,,,,,,,,,,,,,,,,,,,,,,,,,,,,,,,,,,,,,,,,,,,,,,,,,,,,,,,,,,,,,,,,,,,,,,,,,,,,,,,,,,,,,,,,,,,,
21,blacksuit,Crypto-Ransomware,2023,,Russia;Eastern Europe,,T1566,T1566.001,T1566.002,T1190,T1105,T1572,T1021.001,T1133,T1078,T1562.001,T1484.001,T1486,T1078.002,T1119,T1070.001,T1650,,,,,,,,,,,,,,,,,,,,,,,,,,,,,,,,,,,,,,,,,,,,,,,,,,,,,,,,,,,,,,,,,,,,,,,,,,,,,,,,,,,,,,,,,,,,,,,
22,blacktor,"Data Broker, RaaS",2020,2021,,,,,,,,,,,,,,,,,,,,,,,,,,,,,,,,,,,,,,,,,,,,,,,,,,,,,,,,,,,,,,,,,,,,,,,,,,,,,,,,,,,,,,,,,,,,,,,,,,,,,,,,,,,,,,,,,
23,bonacigroup,,2021,2021,,,,,,,,,,,,,,,,,,,,,,,,,,,,,,,,,,,,,,,,,,,,,,,,,,,,,,,,,,,,,,,,,,,,,,,,,,,,,,,,,,,,,,,,,,,,,,,,,,,,,,,,,,,,,,,,,
24,cactus,,2023,,Russia,,TA0001,TA0002,TA0003,TA0005,TA0006,TA0007,TA0008,TA0010,TA0011,TA0040,TA0042,T1190,T1053.005,T1136,T1562.001,T1555.003,T1049,T1021.004,T1567.002,T1219,T1486,T1538.008,T1072,T1027,T1003.001,T1087.002,T1021.001,T1090,T1027.002,T1018,T1570,T1087,T1059,T1047,T1129,T1574.002,T1053,T1055,T1036,T1497,T1564.001,T1562,T1056,T1555,T1003,T1082,T1518.001,T1057,T1083,T1021,T1119,T1071,T1095,T1571,T1573,T1567,,,,,,,,,,,,,,,,,,,,,,,,,,,,,,,,,,,,,,,,,,,,,,,,,,,,,,,
25,cheers,"Crypto-Ransomware, Data Broker",2022,2022,China,,T1190,T1059.001,T1059.003,T1047,T1569.002,T1543.003,T1027.002,T1574.002,T1070.004,T1135,T1087.002,T1082,T1016,T1570,T1021.001,T1039,T1056.001,T1090,T1095,T1572,T1071.001,T1132.001,T1573,T1048,T1567.002,T1486,,,,,,,,,,,,,,,,,,,,,,,,,,,,,,,,,,,,,,,,,,,,,,,,,,,,,,,,,,,,,,,,,,,,,,,,,,,,,,,,,,,,,
26,cicada3301,Data Broker,2024,,,,T1082,T1059,T1489,T1486,T1078,T1016,T1047,T1562.001,T1622,T1490,,,,,,,,,,,,,,,,,,,,,,,,,,,,,,,,,,,,,,,,,,,,,,,,,,,,,,,,,,,,,,,,,,,,,,,,,,,,,,,,,,,,,,,,,,,,,,,,,,,,,
27,ciphbit,"Crypto-Ransomware, Data Broker",2023,,,,T1486,,,,,,,,,,,,,,,,,,,,,,,,,,,,,,,,,,,,,,,,,,,,,,,,,,,,,,,,,,,,,,,,,,,,,,,,,,,,,,,,,,,,,,,,,,,,,,,,,,,,,,,,,,,,,,
28,cloak,"Crypto-Ransomware, RaaS",2023,,,,T1091,T1059,T1129,T1569.002,T1047,T1547.001,T1543.003,T1134,T1222,T1070.004,T1036,T1112,T1027,T1027.005,T1083,T1135,T1120,T1057,T1012,T1518,T1518.001,T1091,T1080,T1560,T1486,T1490,T1489,,,,,,,,,,,,,,,,,,,,,,,,,,,,,,,,,,,,,,,,,,,,,,,,,,,,,,,,,,,,,,,,,,,,,,,,,,,,,,,,,,,,
29,clop,"Crypto-Ransomware, Data Broker",2019,,Russia,,TA0001,TA0002,TA0003,TA0004,TA0005,TA0007,TA0008,TA0009,TA0010,TA0011,TA0040,T1566.001,T1106,T1547,T1484.001,T1036.001,T1083,T1570,T1005,T1567,T1071,T1486,T1190,T1543.003,T1068,T1562.001,T1018,T1021.002,T1490,T1078,T1204,T1574,T1140,T1057,T1070.004,T1082,T1055.001,T1012,T1202,T1063,T1070.001,T1546.004,T1222.002,T1497,T1114,T1105,T1566,T1563.002,T1574.002,T1070,T1546.011,T1055,T1129,T1505.003,T1041,T1113,T1059.003,T1059.001,,,,,,,,,,,,,,,,,,,,,,,,,,,,,,,,,,,,,,,,,,,,,,,,,,,,,
30,conti,"Crypto-Ransomware, RaaS",2019,2022,Russia,,T1078,T1566.001,T1566.002,T1059.003,T1106,T1133,T1055.001,T1140,T1110,T1558.003,T1016,T1049,T1057,T1083,T1135,T1021.002,T1080,T1486,T1489,T1490,,,,,,,,,,,,,,,,,,,,,,,,,,,,,,,,,,,,,,,,,,,,,,,,,,,,,,,,,,,,,,,,,,,,,,,,,,,,,,,,,,,,,,,,,,,
31,crosslock,"Crypto-Ransomware, HumOR",2023,2023,,,T1497.001,T1490,T1548.002,T1486,T1112,T1070.001,T1518.001,T1053.005,,,,,,,,,,,,,,,,,,,,,,,,,,,,,,,,,,,,,,,,,,,,,,,,,,,,,,,,,,,,,,,,,,,,,,,,,,,,,,,,,,,,,,,,,,,,,,,,,,,,,,,
32,cryptnet,"Crypto-Ransomware,RaaS",2023,2023,,,T1082,T1490,T1486,T1027,T1057,T1587.001,T1083,T1497.001,T1047,T1573.001,T1005,T1491.001,T1105,,,,,,,,,,,,,,,,,,,,,,,,,,,,,,,,,,,,,,,,,,,,,,,,,,,,,,,,,,,,,,,,,,,,,,,,,,,,,,,,,,,,,,,,,,,,,,,,,,
33,cuba,"Crypto-Ransomware, RaaS",2019,,Russia,,TA0001,TA0002,TA0005,TA0006,TA0007,TA0008,TA0011,T1133,T1106,T1036.005,T1212,T1124,T1570,T1078.003,T1204.002,T1068,T1021.002,T1135,T1333,T1090.003,T1059.001,T1018,T1071.004,T1059.003,T1083,T1071.001,T1569.002,T1057,T1016.001,T1219,T1078,T1190,T1566,T1072,T1562.001,T1563.002,T1003.001,T1558.003,T1090,T1584.001,,,,,,,,,,,,,,,,,,,,,,,,,,,,,,,,,,,,,,,,,,,,,,,,,,,,,,,,,,,,,,,,,,,,,,,
34,cyclops,"Crypto-Ransomware,RaaS",2022,2023,,,T1133,T1059.004,T1542.001,T1037.004,T1562.004,T1036.005,T1082,T1090,T1132.002,T1008,T1071.001,T1573.002,T1571,T1041,,,,,,,,,,,,,,,,,,,,,,,,,,,,,,,,,,,,,,,,,,,,,,,,,,,,,,,,,,,,,,,,,,,,,,,,,,,,,,,,,,,,,,,,,,,,,,,,,
35,daixin,,2022,,Russia,,T1598.002,T1190,T1078,T1098,T1003,T1563.001,T1563.002,T1550.002,T1567,T1486,,,,,,,,,,,,,,,,,,,,,,,,,,,,,,,,,,,,,,,,,,,,,,,,,,,,,,,,,,,,,,,,,,,,,,,,,,,,,,,,,,,,,,,,,,,,,,,,,,,,,
36,dAn0n,Data Broker,2024,,,,T1071.001,T1059.001,T1071.003,T1036.005,,,,,,,,,,,,,,,,,,,,,,,,,,,,,,,,,,,,,,,,,,,,,,,,,,,,,,,,,,,,,,,,,,,,,,,,,,,,,,,,,,,,,,,,,,,,,,,,,,,,,,,,,,,
37,darkleakmarket,"Crypto-Ransomware, RaaS",2022,2022,Russia,,T1071.001,T1064,T1059.003,T1005,,,,,,,,,,,,,,,,,,,,,,,,,,,,,,,,,,,,,,,,,,,,,,,,,,,,,,,,,,,,,,,,,,,,,,,,,,,,,,,,,,,,,,,,,,,,,,,,,,,,,,,,,,,
38,darkpower,Crypto-Ransomware,2023,2023,,,T1027,T1041,T1005,T1083,,,,,,,,,,,,,,,,,,,,,,,,,,,,,,,,,,,,,,,,,,,,,,,,,,,,,,,,,,,,,,,,,,,,,,,,,,,,,,,,,,,,,,,,,,,,,,,,,,,,,,,,,,,
39,darkrace,,2023,2023,,,T1071.001,T1059.001,T1071.003,T1036.005,,,,,,,,,,,,,,,,,,,,,,,,,,,,,,,,,,,,,,,,,,,,,,,,,,,,,,,,,,,,,,,,,,,,,,,,,,,,,,,,,,,,,,,,,,,,,,,,,,,,,,,,,,,
40,darkvault,Data Broker,2023,,,,T1071.001,T1036.005,T1059.003,T1005,,,,,,,,,,,,,,,,,,,,,,,,,,,,,,,,,,,,,,,,,,,,,,,,,,,,,,,,,,,,,,,,,,,,,,,,,,,,,,,,,,,,,,,,,,,,,,,,,,,,,,,,,,,
41,dataleak,Data Broker,2022,2023,,,T1071.003,T1027,T1041,T1036.005,,,,,,,,,,,,,,,,,,,,,,,,,,,,,,,,,,,,,,,,,,,,,,,,,,,,,,,,,,,,,,,,,,,,,,,,,,,,,,,,,,,,,,,,,,,,,,,,,,,,,,,,,,,
42,donex,"Crypto-Ransomware, Data Broker",2024,,Russia,,TA0002,TA0003,TA0005,TA0006,TA0007,TA0009,TA0040,T1047,T1543.003,T1027,T1056,T1007,T1074,T1486,T1059,T1027.005,T1010,T1119,T1489,T1064,T1027.009,T1016,T1490,T1036,T1018,T1485,T1129,T1057,T1070.001,T1082,T1070.004,T1083,T1202,T1135,T1222,T1518.001,T1548,T1562.001,T1564.003,T1071.003,T1059.001,T1005​,T1106,TA0034,,,,,,,,,,,,,,,,,,,,,,,,,,,,,,,,,,,,,,,,,,,,,,,,,,,,,,,,,,,,,,,,,,,
43,donutleaks,Crypto-Ransomware,2022,,Russia,,T1071.003,T1059.001,T1041,T1005,,,,,,,,,,,,,,,,,,,,,,,,,,,,,,,,,,,,,,,,,,,,,,,,,,,,,,,,,,,,,,,,,,,,,,,,,,,,,,,,,,,,,,,,,,,,,,,,,,,,,,,,,,,
44,dragonforce,"Crypto-Ransomware, Data Broker",2023,,Malaysia,,T1059.003,T1071.001,T1036.005,T1005,,,,,,,,,,,,,,,,,,,,,,,,,,,,,,,,,,,,,,,,,,,,,,,,,,,,,,,,,,,,,,,,,,,,,,,,,,,,,,,,,,,,,,,,,,,,,,,,,,,,,,,,,,,
45,dunghill_leak,"Crypto-Ransomware, Data Broker, HumOR",2023,,Est EU,,T1071.003,T1041,T1059.001,T1005​,,,,,,,,,,,,,,,,,,,,,,,,,,,,,,,,,,,,,,,,,,,,,,,,,,,,,,,,,,,,,,,,,,,,,,,,,,,,,,,,,,,,,,,,,,,,,,,,,,,,,,,,,,,
46,ElDorado,,2024,,USA,,T1190,T1059,T1059.003,T1059.001,T1543,T1547,T1078,T1490,T1027,T1003,T1135,T1021.002,T1005,T1071.001,T1486,T1068,T1552,T1018,T1021.001,T1074.001,T1041,T1486,,,,,,,,,,,,,,,,,,,,,,,,,,,,,,,,,,,,,,,,,,,,,,,,,,,,,,,,,,,,,,,,,,,,,,,,,,,,,,,,,,,,,,,,,
47,embargo,Data Broker,2024,,,,T1082,T1190,T1140,T1497.003,T1071.001,T1486,T1070.004,T1078,T1120,T1106,T1057,T1112,T1134,T1091,T1497.001,T1562.001,T1622,T1490,T1567,T1518.001,T1098,T1614.001,T1543.003,T1489,,,,,,,,,,,,,,,,,,,,,,,,,,,,,,,,,,,,,,,,,,,,,,,,,,,,,,,,,,,,,,,,,,,,,,,,,,,,,,,,,,,,,,,
48,everest,"Crypto-Ransomware, RaaS",2020,,Russia;Eastern Europe,,T1486,T1133,T1078,T1021.001,T1046,T1003.001,T1003.003,T1071.001,T1041,T1219,,,,,,,,,,,,,,,,,,,,,,,,,,,,,,,,,,,,,,,,,,,,,,,,,,,,,,,,,,,,,,,,,,,,,,,,,,,,,,,,,,,,,,,,,,,,,,,,,,,,,
,Evil Corp,"Crypto-Ransomware, RaaS",2024,,,,T1566001,T1190,T1189,T1204002,T1059001,T1027,T1036005,T1555003,T1552001,T1584005,T1210,T1005,T1115,T1219,T1486,T1529,,,,,,,,,,,,,,,,,,,,,,,,,,,,,,,,,,,,,,,,,,,,,,,,,,,,,,,,,,,,,,,,,,,,,,,,,,,,,,,,,,,,,,,,,,,,,,,
49,flocker,"Crypto-Ransomware, Data Broker, RaaS",2024,,,,,,,,,,,,,,,,,,,,,,,,,,,,,,,,,,,,,,,,,,,,,,,,,,,,,,,,,,,,,,,,,,,,,,,,,,,,,,,,,,,,,,,,,,,,,,,,,,,,,,,,,,,,,,,,,,
50,freecivilian,Crypto-Ransomware,2022,2023,Eastern Europe,,,,,,,,,,,,,,,,,,,,,,,,,,,,,,,,,,,,,,,,,,,,,,,,,,,,,,,,,,,,,,,,,,,,,,,,,,,,,,,,,,,,,,,,,,,,,,,,,,,,,,,,,,,,,,,,
51,groove,"Crypto-Ransomware, RaaS",2020,2021,Russia,,T1190,T1003,,T1059,T1021,T1210,T1087,T1482,T1562,T1537,T1567,T1486,,,,,,,,,,,,,,,,,,,,,,,,,,,,,,,,,,,,,,,,,,,,,,,,,,,,,,,,,,,,,,,,,,,,,,,,,,,,,,,,,,,,,,,,,,,,,,,,,,,
52,handala,Wiper,2023,,Iran,,,,,,,,,,,,,,,,,,,,,,,,,,,,,,,,,,,,,,,,,,,,,,,,,,,,,,,,,,,,,,,,,,,,,,,,,,,,,,,,,,,,,,,,,,,,,,,,,,,,,,,,,,,,,,,,
53,hiveleak,"Crypto-Ransomware, RaaS",2021,2023,Russia;Eastern Europe,,T1133,T1190,T1566,T1078,T059.001,T1059.003,T1047,T1070.001,T1027.002,T1112,T1562.001,T1003.001,T1007,T1074.001,T1560,T1071.001,T1573,T1219,T1567.002,T1486,T1490,T1491.001,T1537,T1070,T1562,T1059,T1566.001,,,,,,,,,,,,,,,,,,,,,,,,,,,,,,,,,,,,,,,,,,,,,,,,,,,,,,,,,,,,,,,,,,,,,,,,,,,,,,,,,,,,
54,hunters,Crypto-Ransomware,2023,,Russia,,TA0002,TA0003,TA0005,TA0007,TA0011,TA0040,T1106,T1547,T1027,T1057,T1071,T1486,T1129,T1562,T1082,T1071.001,T1083,T1547.001,T1562.001,,,,,,,,,,,,,,,,,,,,,,,,,,,,,,,,,,,,,,,,,,,,,,,,,,,,,,,,,,,,,,,,,,,,,,,,,,,,,,,,,,,,,,,,,,,,
55,icefire,Crypto-Ransomware,2022,2022,,,,,,,,,,,,,,,,,,,,,,,,,,,,,,,,,,,,,,,,,,,,,,,,,,,,,,,,,,,,,,,,,,,,,,,,,,,,,,,,,,,,,,,,,,,,,,,,,,,,,,,,,,,,,,,,,
56,incransom,,2023,,,,T1566,T1190,T1059,T1078,T1068,T1027,T1003,T1016,T1021.001,T1074,T1486,T1105,T1485,,,,,,,,,,,,,,,,,,,,,,,,,,,,,,,,,,,,,,,,,,,,,,,,,,,,,,,,,,,,,,,,,,,,,,,,,,,,,,,,,,,,,,,,,,,,,,,,,,
57,insane,"Crypto-Ransomware, Data Broker",2024,,Russia,,,,,,,,,,,,,,,,,,,,,,,,,,,,,,,,,,,,,,,,,,,,,,,,,,,,,,,,,,,,,,,,,,,,,,,,,,,,,,,,,,,,,,,,,,,,,,,,,,,,,,,,,,,,,,,,
58,karakurt,Crypto-Ransomware,2021,2023,Russia,,T1219,T1190,T1048,T1591.002,T1078,T1567.002,T1083,T1133,T1589.002,T1566.001,T1589.001,T1566,,,,,,,,,,,,,,,,,,,,,,,,,,,,,,,,,,,,,,,,,,,,,,,,,,,,,,,,,,,,,,,,,,,,,,,,,,,,,,,,,,,,,,,,,,,,,,,,,,,
59,karma,Crypto-Ransomware,2021,2021,Russia,,T1485,T1486,T1012,T1082,T1120,T1204,T1204.002,,,,,,,,,,,,,,,,,,,,,,,,,,,,,,,,,,,,,,,,,,,,,,,,,,,,,,,,,,,,,,,,,,,,,,,,,,,,,,,,,,,,,,,,,,,,,,,,,,,,,,,,
60,kelvinsecurity,Crypto-Ransomware,2013,2022,Venezuela,,T1190,T1566.001,T1059.001,T1053,T1136,T1547.001,T1068,T1027,T1070.004,T1005,T1074,T1041,T1486,,,,,,,,,,,,,,,,,,,,,,,,,,,,,,,,,,,,,,,,,,,,,,,,,,,,,,,,,,,,,,,,,,,,,,,,,,,,,,,,,,,,,,,,,,,,,,,,,,
61,killsec,Data Broker,2023,,,,T1650,T1078,T1102,T1021,T1059,T1120,T1083,T1213,T1005,,,,,,,,,,,,,,,,,,,,,,,,,,,,,,,,,,,,,,,,,,,,,,,,,,,,,,,,,,,,,,,,,,,,,,,,,,,,,,,,,,,,,,,,,,,,,,,,,,,,,,
62,knight (cyclops),,2022,,,,,,,,,,,,,,,,,,,,,,,,,,,,,,,,,,,,,,,,,,,,,,,,,,,,,,,,,,,,,,,,,,,,,,,,,,,,,,,,,,,,,,,,,,,,,,,,,,,,,,,,,,,,,,,,,,
63,la_piovra,,2023,2023,,,T1071.001,T1059.001,T1036.005,T1005,,,,,,,,,,,,,,,,,,,,,,,,,,,,,,,,,,,,,,,,,,,,,,,,,,,,,,,,,,,,,,,,,,,,,,,,,,,,,,,,,,,,,,,,,,,,,,,,,,,,,,,,,,,
64,lockbit2,"Crypto-Ransomware, RaaS",2021,2022,Russia,,T1078,T1133,T1190,T1053.005,T1059,T1053.005,T1136.001,T1505.003,T1068,T1548.002,T1070,T1140,T1484.001,T1562.001,T1564.003,T1003,T1555,T1046,T1057,T1082,T1614,T1021,T1021.002,T1030,T1041,T1219,T1486,T1489,,,,,,,,,,,,,,,,,,,,,,,,,,,,,,,,,,,,,,,,,,,,,,,,,,,,,,,,,,,,,,,,,,,,,,,,,,,,,,,,,,,
65,lockbit3,"Builder, Crypto-Ransomware, Data Broker, HumOR, RaaS",2022,,Russia,,T1480.001,T1614.001,T1133,T1189,T1566,T1078,T1190,TA0004,T1082,T1489,TA0002,T1547,T1485,T1490,T1486,T1491.001,T1027,T1070.004,TA0010,T1567.002,T1567.002,T1567,,,,,,,,,,,,,,,,,,,,,,,,,,,,,,,,,,,,,,,,,,,,,,,,,,,,,,,,,,,,,,,,,,,,,,,,,,,,,,,,,,,,,,,,,
66,lorenz,"Crypto-Ransomware, RaaS",2022,2023,Russia,,T1486,T1071.001,,,,,,,,,,,,,,,,,,,,,,,,,,,,,,,,,,,,,,,,,,,,,,,,,,,,,,,,,,,,,,,,,,,,,,,,,,,,,,,,,,,,,,,,,,,,,,,,,,,,,,,,,,,,,
67,losttrust,Data Broker,2022,2023,Russia,,T1486,T1041,,,,,,,,,,,,,,,,,,,,,,,,,,,,,,,,,,,,,,,,,,,,,,,,,,,,,,,,,,,,,,,,,,,,,,,,,,,,,,,,,,,,,,,,,,,,,,,,,,,,,,,,,,,,,
68,lv,"Crypto-Ransomware, RaaS",2020,2022,Ukraine,,T1190,T1059.001,T1059.003,T1078.002,T1505.003,T1547.001,T1078.002,T1036.004,T1027.002,T1484.001,T1562.001,T1070.004,T1003.001,T1083,T1021.001,T1105,T1486,,,,,,,,,,,,,,,,,,,,,,,,,,,,,,,,,,,,,,,,,,,,,,,,,,,,,,,,,,,,,,,,,,,,,,,,,,,,,,,,,,,,,,,,,,,,,,
69,malas,"Crypto-Ransomware, HumOR",2023,2023,,,T1059,T1486,,,,,,,,,,,,,,,,,,,,,,,,,,,,,,,,,,,,,,,,,,,,,,,,,,,,,,,,,,,,,,,,,,,,,,,,,,,,,,,,,,,,,,,,,,,,,,,,,,,,,,,,,,,,,
70,malekteam,Data Broker,2023,,Iran,,T1486,T1210,,,,,,,,,,,,,,,,,,,,,,,,,,,,,,,,,,,,,,,,,,,,,,,,,,,,,,,,,,,,,,,,,,,,,,,,,,,,,,,,,,,,,,,,,,,,,,,,,,,,,,,,,,,,,
71,mallox,Crypto-Ransomware,2023,,Russia,,T1566.002,T1190,T1078,T1110,T1059.003,T1059.001,T1027.001,T1112,T1036.005,T1070.004,T1620,T1016.001,T1082,T1012,T1049,T1537,T1020,T1029,T1041,T1567,T1489,T1490,T1486,T1547.009,T1547.001,T1078,,,,,,,,,,,,,,,,,,,,,,,,,,,,,,,,,,,,,,,,,,,,,,,,,,,,,,,,,,,,,,,,,,,,,,,,,,,,,,,,,,,,,
72,medusa,"Crypto-Ransomware, RaaS",2021,,Russia,,T1566,T1562.009,T1059.001,T1490,T1133,T1486,,,,,,,,,,,,,,,,,,,,,,,,,,,,,,,,,,,,,,,,,,,,,,,,,,,,,,,,,,,,,,,,,,,,,,,,,,,,,,,,,,,,,,,,,,,,,,,,,,,,,,,,,
73,meow,Data Broker / Data exfiltration,2023,,,,TA0001,T1190,T1133,T1566,TA0002,T1129,TA0005,T1027,T1027.005,T1036,T1497,TA0006,T1056,TA0007,T1057,T1082,T1083,T1518.001,TA0008,T1080,TA0009,TA0011,T1071,T1573,TA0010,T1041,TA0034,T1486,,,,,,,,,,,,,,,,,,,,,,,,,,,,,,,,,,,,,,,,,,,,,,,,,,,,,,,,,,,,,,,,,,,,,,,,,,,,,,,,,,,
74,metaencryptor,"Crypto-Ransomware, RaaS",2022,2023,,,T1486,T1071,,,,,,,,,,,,,,,,,,,,,,,,,,,,,,,,,,,,,,,,,,,,,,,,,,,,,,,,,,,,,,,,,,,,,,,,,,,,,,,,,,,,,,,,,,,,,,,,,,,,,,,,,,,,,
75,midas,"Crypto-Ransomware, RaaS",2021,2022,Russia,,T1059,T1569.002,T1112,T1562.001,T1010,T1057,T1518.001,T1083,T1490,T1489,T1486,,,,,,,,,,,,,,,,,,,,,,,,,,,,,,,,,,,,,,,,,,,,,,,,,,,,,,,,,,,,,,,,,,,,,,,,,,,,,,,,,,,,,,,,,,,,,,,,,,,,
76,mindware,"Crypto-Ransomware, RaaS",2022,2022,,,TA0005,T1485,T1486,T1027.002,T1007,T1059,T1112,TA0010,T1018,T1082,,,,,,,,,,,,,,,,,,,,,,,,,,,,,,,,,,,,,,,,,,,,,,,,,,,,,,,,,,,,,,,,,,,,,,,,,,,,,,,,,,,,,,,,,,,,,,,,,,,,,
77,moneymessage,Crypto-Ransomware,2023,,,,,,,,,,,,,,,,,,,,,,,,,,,,,,,,,,,,,,,,,,,,,,,,,,,,,,,,,,,,,,,,,,,,,,,,,,,,,,,,,,,,,,,,,,,,,,,,,,,,,,,,,,,,,,,,,,
78,monti,"Crypto-Ransomware, RaaS",2022,,Eastern Europe,,T1078,T1566.001,T1566.002,T1059.003,T1106,T1133,T1055.001,T1140,T1110,T1558.003,T1016,T1049,T1057,T1083,T1135,T1021.002,T1080,T1486,T1489,T1490,,,,,,,,,,,,,,,,,,,,,,,,,,,,,,,,,,,,,,,,,,,,,,,,,,,,,,,,,,,,,,,,,,,,,,,,,,,,,,,,,,,,,,,,,,,
79,mosesstaff,"Data Broker, Locker, MBR Modifier, Wiper",2021,2021,Iran,,T1087,T1087.001,T1587,T1587.001,T1190,T1562,T1562.004,T1105,T1027,T1027.013,T1588,T1588.002,T1021,T1021.002,T1505,T1505.003,T1553,T1553.002,T1082,T1016,,,,,,,,,,,,,,,,,,,,,,,,,,,,,,,,,,,,,,,,,,,,,,,,,,,,,,,,,,,,,,,,,,,,,,,,,,,,,,,,,,,,,,,,,,,
80,mountlocker,"Crypto-Ransomware,RaaS",2020,2022,,,T1078,T1133,T1059.001,T1569,T1546.001,T1222.001,T1070.004,T1069.002,T1020,T1071,T1071.001,T1486,T1490,T1489,S0154,,,,,,,,,,,,,,,,,,,,,,,,,,,,,,,,,,,,,,,,,,,,,,,,,,,,,,,,,,,,,,,,,,,,,,,,,,,,,,,,,,,,,,,,,,,,,,,,
81,nefilim,"Crypto-Ransomware, RaaS",2020,2021,,,T1595.002,T1133,T1608,T1068,T003.001,T1550,T1570,T1018,T1083,T1120,T1135,T1020,T1041,T1030,T1567,T1059,T1486,T1489,,,,,,,,,,,,,,,,,,,,,,,,,,,,,,,,,,,,,,,,,,,,,,,,,,,,,,,,,,,,,,,,,,,,,,,,,,,,,,,,,,,,,,,,,,,,,
82,nightsky,"Crypto-Ransomware, Data Broker",2022,2022,China,,T1190,T1059.001,T1059.003,T1047,T1569.002,T1543.003,T1027.002,T1574.002,T1070.004,T1135,T1087.002,T1082,T1016,T1570,T1021.001,T1039,T1056.001,T1090,T1095,T1572,T1071.001,T1132.001,T1573,T1048,T1567.002,T1486,,,,,,,,,,,,,,,,,,,,,,,,,,,,,,,,,,,,,,,,,,,,,,,,,,,,,,,,,,,,,,,,,,,,,,,,,,,,,,,,,,,,,
83,noescape,"Crypto-Ransomware,RaaS",2019,2023,Russia,,T1133,T1078,T1204.002,T1053.005,T1547.001,T1078,T1562.001,T1027.002,T1055,T1070.004,T1112,T1140,T1497.001,T1003,T1482,T1069,T1021,T1021.001,T1560.001,T1071.001,T1567.002,,,,,,,,,,,,,,,,,,,,,,,,,,,,,,,,,,,,,,,,,,,,,,,,,,,,,,,,,,,,,,,,,,,,,,,,,,,,,,,,,,,,,,,,,,
84,nokoyawa,"Crypto-Ransomware, HumOR",2022,2023,Russia,,T1059.003,T1047,T1486,T1491,,,,,,,,,,,,,,,,,,,,,,,,,,,,,,,,,,,,,,,,,,,,,,,,,,,,,,,,,,,,,,,,,,,,,,,,,,,,,,,,,,,,,,,,,,,,,,,,,,,,,,,,,,,
85,noname,"Crypto-Ransomware, Data Broker, Imitation",2023,,Russia,,,,,,,,,,,,,,,,,,,,,,,,,,,,,,,,,,,,,,,,,,,,,,,,,,,,,,,,,,,,,,,,,,,,,,,,,,,,,,,,,,,,,,,,,,,,,,,,,,,,,,,,,,,,,,,,
86,onyx,Crypto-Ransomware,2022,2023,Russia,,T1566,T1106,T1547.001,T1027,T1552.001,T1082,T1083,T1486,,,,,,,,,,,,,,,,,,,,,,,,,,,,,,,,,,,,,,,,,,,,,,,,,,,,,,,,,,,,,,,,,,,,,,,,,,,,,,,,,,,,,,,,,,,,,,,,,,,,,,,
87,pandora,"Crypto-Ransomware, Data Broker",2022,2022,China,,T1195,2,T1509,T1082,T1486,T1490,T1083,,,,,,,,,,,,,,,,,,,,,,,,,,,,,,,,,,,,,,,,,,,,,,,,,,,,,,,,,,,,,,,,,,,,,,,,,,,,,,,,,,,,,,,,,,,,,,,,,,,,,,,,
88,pay2key,Crypto-Ransomware,2020,2021,,,T1179,T1215,T1055,T1045,T1046,T1012,T1016,,,,,,,,,,,,,,,,,,,,,,,,,,,,,,,,,,,,,,,,,,,,,,,,,,,,,,,,,,,,,,,,,,,,,,,,,,,,,,,,,,,,,,,,,,,,,,,,,,,,,,,,
89,payloadbin,Crypto-Ransomware,2021,2022,,,T1486,T1071,,,,,,,,,,,,,,,,,,,,,,,,,,,,,,,,,,,,,,,,,,,,,,,,,,,,,,,,,,,,,,,,,,,,,,,,,,,,,,,,,,,,,,,,,,,,,,,,,,,,,,,,,,,,,
90,play,Crypto-Ransomware,2022,,Russia;Ukraine,,T1190,T1078,T1133,TA0007,T1016,T1518001,T1562001,T1070001,T1552,T1003,T1059,T1570,T1484001,T1560001,T1048,T1486,T1657,T1560.001,T1070.001,T1027.010,T1030,T1562.001,T1078.002,T1070.004,T1083,T1105,T1003.001,T1078.003,T1587.001,T1059.001,T1057,T1018,T1021.002,T1518.001,T1082,T1588.002,T1059.003,,,,,,,,,,,,,,,,,,,,,,,,,,,,,,,,,,,,,,,,,,,,,,,,,,,,,,,,,,,,,,,,,,,,,,,,,,
91,projectrelic,"Crypto-Ransomware, RaaS",2022,2022,Russia,,T1071.001,T1595,,,,,,,,,,,,,,,,,,,,,,,,,,,,,,,,,,,,,,,,,,,,,,,,,,,,,,,,,,,,,,,,,,,,,,,,,,,,,,,,,,,,,,,,,,,,,,,,,,,,,,,,,,,,,
92,pysa,"Crypto-Ransomware, RaaS",2019,2021,,,T1027.002,T1007,T1059,TA0010,T1082,T1490,T1048.003,T1567.002,T1110,T1562,T1070.004,T1036,T1112,T1046,T1003.001,T1021.001,T1489,T1016,T1569.002,T1552.001,,,,,,,,,,,,,,,,,,,,,,,,,,,,,,,,,,,,,,,,,,,,,,,,,,,,,,,,,,,,,,,,,,,,,,,,,,,,,,,,,,,,,,,,,,,
93,qilin,Crypto-Ransomware,2022,,Russia,,T1078,T1566,T1190,T1053,T1059.003,T1059.001,T1037,T1068,T1548,T1055,T1014,T1211,T1480,T1497,T1027,T1003,T1003.001,T1082,T1010,T1046,T1018,T1021,T1021.001,T1021.004,T1570,T1569.002,T1005,T1011,T1011.001,T1001,T1001.001,T1486,T1485,T1490,T1561.001,,,,,,,,,,,,,,,,,,,,,,,,,,,,,,,,,,,,,,,,,,,,,,,,,,,,,,,,,,,,,,,,,,,,,,,,,,,,
94,qiulong,"Crypto-Ransomware, Data Broker",2024,,,,,,,,,,,,,,,,,,,,,,,,,,,,,,,,,,,,,,,,,,,,,,,,,,,,,,,,,,,,,,,,,,,,,,,,,,,,,,,,,,,,,,,,,,,,,,,,,,,,,,,,,,,,,,,,,,
95,quantum,,2022,2023,,,T1204,T1614.001,T1218.011,T1059.001,T1059.003,T1055,T1055.012,T1003.001,T1486,T1482,T1021.002,T1083,T1518.001,T1047,T1087.002,T1082,T1018,T1053.005,T1071.001,,,,,,,,,,,,,,,,,,,,,,,,,,,,,,,,,,,,,,,,,,,,,,,,,,,,,,,,,,,,,,,,,,,,,,,,,,,,,,,,,,,,,,,,,,,,
96,ragnarlocker,"Crypto-Ransomware, Data Broker, HumOR",2019,2023,,,T1059,T1059.003,T1543,T1543.003,T1486,T1564,T1564.006,T1562,T1562.001,T1490,T1120,T1489,T1218,T1218.007,T1218.010,T1218.011,T1614,T1569,T1569.002,,,,,,,,,,,,,,,,,,,,,,,,,,,,,,,,,,,,,,,,,,,,,,,,,,,,,,,,,,,,,,,,,,,,,,,,,,,,,,,,,,,,,,,,,,,,
97,ragnarok,,2019,2021,,,T1047,T1543,T1543.003,T1546,T1546.007,T1562,T1562.004,T1070.004,T1006,T1555.003,T1555.004,T1552,T1552.001,T1005,T1490,,,,,,,,,,,,,,,,,,,,,,,,,,,,,,,,,,,,,,,,,,,,,,,,,,,,,,,,,,,,,,,,,,,,,,,,,,,,,,,,,,,,,,,,,,,,,,,,
98,ragroup,"Crypto-Ransomware, Data Broker, HumOR",2023,2023,,,T1016.001,T1059.001,T1566.001,T1547.009,T1486,T1569.002,T1114.001,T1567,T1041,T1537,T1078,T1020,T1059.003,T1036.005,T1566.002,T1190,T1027.001,T1547.001,T1195,T1029,,,,,,,,,,,,,,,,,,,,,,,,,,,,,,,,,,,,,,,,,,,,,,,,,,,,,,,,,,,,,,,,,,,,,,,,,,,,,,,,,,,,,,,,,,,
99,rancoz,Crypto-Ransomware,2022,2023,,,T1005,T1486,,,,,,,,,,,,,,,,,,,,,,,,,,,,,,,,,,,,,,,,,,,,,,,,,,,,,,,,,,,,,,,,,,,,,,,,,,,,,,,,,,,,,,,,,,,,,,,,,,,,,,,,,,,,,
100,ransomedvc,"Crypto-Ransomware, Data Broker",2023,2023,,,,,,,,,,,,,,,,,,,,,,,,,,,,,,,,,,,,,,,,,,,,,,,,,,,,,,,,,,,,,,,,,,,,,,,,,,,,,,,,,,,,,,,,,,,,,,,,,,,,,,,,,,,,,,,,,
101,ransomexx,"Crypto-Ransomware, HumOR,RaaS",2020,,Russia,,T1005,T1486,T1105,TA0005,,,,,,,,,,,,,,,,,,,,,,,,,,,,,,,,,,,,,,,,,,,,,,,,,,,,,,,,,,,,,,,,,,,,,,,,,,,,,,,,,,,,,,,,,,,,,,,,,,,,,,,,,,,
102,ransomhouse,,,,Eastern Europe,,T1588,T1588.001,T1583,T1583.004,T1078,T1078.002,T1190,T1059,T1059.004,T1078,T1078.002,T1098,T1497,T1567,,,,,,,,,,,,,,,,,,,,,,,,,,,,,,,,,,,,,,,,,,,,,,,,,,,,,,,,,,,,,,,,,,,,,,,,,,,,,,,,,,,,,,,,,,,,,,,,,
103,,,,,,,,,,,,,,,,,,,,,,,,,,,,,,,,,,,,,,,,,,,,,,,,,,,,,,,,,,,,,,,,,,,,,,,,,,,,,,,,,,,,,,,,,,,,,,,,,,,,,,,,,,,,,,,,,,,,,
104,ransomhub,"Crypto-Ransomware, RaaS",2024,,Russia,,TA0002,TA0005,TA0008,TA0040,T1047,T1070.001,T1570,T1486,T1059.003,T1562,T1489,T1490,T1082,T1083,T1057,T1560,T1048,,,,,,,,,,,,,,,,,,,,,,,,,,,,,,,,,,,,,,,,,,,,,,,,,,,,,,,,,,,,,,,,,,,,,,,,,,,,,,,,,,,,,,,,,,,,,,
105,RansomwareBlog (medusalocker),"Crypto-Ransomware, RaaS",2019,2023,Russia,,T1133,T1566,T1059.001,T1562.009,T1486,T1490,,,,,,,,,,,,,,,,,,,,,,,,,,,,,,,,,,,,,,,,,,,,,,,,,,,,,,,,,,,,,,,,,,,,,,,,,,,,,,,,,,,,,,,,,,,,,,,,,,,,,,,,,
106,ranstreet,,2023,2023,,,,,,,,,,,,,,,,,,,,,,,,,,,,,,,,,,,,,,,,,,,,,,,,,,,,,,,,,,,,,,,,,,,,,,,,,,,,,,,,,,,,,,,,,,,,,,,,,,,,,,,,,,,,,,,,,
107,raworld,,2023,,,,,,,,,,,,,,,,,,,,,,,,,,,,,,,,,,,,,,,,,,,,,,,,,,,,,,,,,,,,,,,,,,,,,,,,,,,,,,,,,,,,,,,,,,,,,,,,,,,,,,,,,,,,,,,,,,
108,raznatovic,"Crypto-Ransomware, Data Broker",2023,2023,,,,,,,,,,,,,,,,,,,,,,,,,,,,,,,,,,,,,,,,,,,,,,,,,,,,,,,,,,,,,,,,,,,,,,,,,,,,,,,,,,,,,,,,,,,,,,,,,,,,,,,,,,,,,,,,,
109,redalert,"Crypto-Ransomware, HumOR",2022,2022,,,,,,,,,,,,,,,,,,,,,,,,,,,,,,,,,,,,,,,,,,,,,,,,,,,,,,,,,,,,,,,,,,,,,,,,,,,,,,,,,,,,,,,,,,,,,,,,,,,,,,,,,,,,,,,,,
110,redransomware,"Crypto-Ransomware, Data Broker",2024,,,,,,,,,,,,,,,,,,,,,,,,,,,,,,,,,,,,,,,,,,,,,,,,,,,,,,,,,,,,,,,,,,,,,,,,,,,,,,,,,,,,,,,,,,,,,,,,,,,,,,,,,,,,,,,,,,
111,revil,"Crypto-Ransomware, RaaS",2019,2022,Russia,,T1566,T1190,T1189,T1195,T1106,T1059,T1129,T1204,T1547,T1574,T1134,T1068,T1027,T1562,T1083,T1018,T1057,T1082,T1012,T1063,T1003,T1552,T1570,T1560,T1005,T1071,T1567,T1048,T1486,T1489,T1490,T1529,T1491,,,,,,,,,,,,,,,,,,,,,,,,,,,,,,,,,,,,,,,,,,,,,,,,,,,,,,,,,,,,,,,,,,,,,,,,,,,,,,
112,rhysida,Crypto-Ransomware,2023,,,,T1595,T1598,T1583,T1587,T1566,T1548.002,T1059,T1129,T1547.001,T1055,T1055.003,1027,T1027.005,T1036,T1497,T1564,T1564.004,T1620,T1010,T1057,T1082,T1083,T1518.001,T1005,T1119,T1071,T1071.001,T1041,T1486,T1657,T1087.002,T1078,T1059.003,T1018,T1564.003,T1033,T1069.001,T1112,T1482,T1016,T1219,T1069.002,T1021.001,T1059.001,T1021.004,T1070.004,T1055.002,T1190,T1070.001,T1003.003,,,,,,,,,,,,,,,,,,,,,,,,,,,,,,,,,,,,,,,,,,,,,,,,,,,,,,,,,,,,,
113,RobbinHood,,2019,2021,,,T1059.003,T1486,T1562.001,T1070.005,T1490,T1489,,,,,,,,,,,,,,,,,,,,,,,,,,,,,,,,,,,,,,,,,,,,,,,,,,,,,,,,,,,,,,,,,,,,,,,,,,,,,,,,,,,,,,,,,,,,,,,,,,,,,,,,,
114,rook,"Crypto-Ransomware, Data Broker",2021,2022,China,,T1027.002,T1007,T1059,TA0010,T1082,T1490,,,,,,,,,,,,,,,,,,,,,,,,,,,,,,,,,,,,,,,,,,,,,,,,,,,,,,,,,,,,,,,,,,,,,,,,,,,,,,,,,,,,,,,,,,,,,,,,,,,,,,,,,
115,royal,HumOR,2022,2023,,,TA0001,TA0002,TA0003,TA0004,TA0005,TA0007,TA0008,TA0010,TA0011,TA0040,T1566.001,T1059.003,T1547.001,T1027.006,T1087.001,T1021.002,T1567.002,T1071,T1486,T1059.001,T1543.003,T1548.002,T1078.002,T1087.002,T1550.002,T1071.001,T1055,T1482,T1135,T1190,T1566.002,T1133,T1105,T1572,T1562.001,T1484.001,T1070.001,T1021.001,T1119,,,,,,,,,,,,,,,,,,,,,,,,,,,,,,,,,,,,,,,,,,,,,,,,,,,,,,,,,,,,,,,,,,,,,,,,
116,sabbath,Crypto-Ransomware,2020,2022,,,T1016,T1486,T1055,T1136,T1059,T1027,T1057,T1518,,,,,,,,,,,,,,,,,,,,,,,,,,,,,,,,,,,,,,,,,,,,,,,,,,,,,,,,,,,,,,,,,,,,,,,,,,,,,,,,,,,,,,,,,,,,,,,,,,,,,,,
117,SenSayQ,"Crypto-Ransomware, Data Broker",2024,,,,,,,,,,,,,,,,,,,,,,,,,,,,,,,,,,,,,,,,,,,,,,,,,,,,,,,,,,,,,,,,,,,,,,,,,,,,,,,,,,,,,,,,,,,,,,,,,,,,,,,,,,,,,,,,,,
118,shaoleaks,,2022,2022,,,,,,,,,,,,,,,,,,,,,,,,,,,,,,,,,,,,,,,,,,,,,,,,,,,,,,,,,,,,,,,,,,,,,,,,,,,,,,,,,,,,,,,,,,,,,,,,,,,,,,,,,,,,,,,,,
119,siegedsec,Data Broker,2022,2023,,,T1595,T1190,T1189,T1560.001,T1567,,,,,,,,,,,,,,,,,,,,,,,,,,,,,,,,,,,,,,,,,,,,,,,,,,,,,,,,,,,,,,,,,,,,,,,,,,,,,,,,,,,,,,,,,,,,,,,,,,,,,,,,,,
120,slug,"Crypto-Ransomware, Data Broker",2024,,,,,,,,,,,,,,,,,,,,,,,,,,,,,,,,,,,,,,,,,,,,,,,,,,,,,,,,,,,,,,,,,,,,,,,,,,,,,,,,,,,,,,,,,,,,,,,,,,,,,,,,,,,,,,,,,,
121,snatch,"Crypto-Ransomware, Data Broker",2021,,Russia,,T1590,T1583.003,T1078,T1133,T1059.003,T1569.002,T1078.002,T1036,T1070.004,T1112,T1562.001,T1562.009,T1110.001,T1012,T1057,T1021.001,T1005,T1071.001,TA0010,T1486,T1490,T1598.002,T1190,T1098,T1003,T1563.001,T1563.002,T1550.002,T1567,,,,,,,,,,,,,,,,,,,,,,,,,,,,,,,,,,,,,,,,,,,,,,,,,,,,,,,,,,,,,,,,,,,,,,,,,,,,,,,,,,
122,spacebears,Data Broker,2024,,Russia,,,,,,,,,,,,,,,,,,,,,,,,,,,,,,,,,,,,,,,,,,,,,,,,,,,,,,,,,,,,,,,,,,,,,,,,,,,,,,,,,,,,,,,,,,,,,,,,,,,,,,,,,,,,,,,,
123,sparta,Crypto-Ransomware,2022,2022,,,RD-0001.04,RD-0005,RD-0005.01,RD-0005.02,RD-0005.03,RD-0005.04,IA-0008.03,EX-0014.05,EX-0016,EX-0016.01,EX-0016.02,EX-0016.03,EX-0017,EX-0017.01,EX-0017.02,EX-0018,EX-0018.01,EX-0018.02,EX-0018.03,DE-0009,DE-0009.01,DE-0009.02,DE-0009.03,REC-0003.04,EX-0010.01,EX-0010.02,EX-0010.03,EX-0010.04,PER-0005,DE-0010,DE-0011,LM-0006,LM-0006.01,LM-0007,CM0074,CM0075,CM0076,CM0077,CM0078,CM0079,CM0080,CM0081,CM0082,CM0083,CM0084,CM0085,CM0086,CM0087,,,,,,,,,,,,,,,,,,,,,,,,,,,,,,,,,,,,,,,,,,,,,,,,,,,,,,,,,,,,,,,
124,spook,"Crypto-Ransomware, RaaS",2021,2021,,,T1583.003,T1588.001,T1078,T1027,T1140,T1059.001,T1059.003,T1112,T1547.001,T1562.001,T1562.004,T1570,T1071,T1489,T1490,T1016,T1083,T1486,T1070.003,T1070.004,,,,,,,,,,,,,,,,,,,,,,,,,,,,,,,,,,,,,,,,,,,,,,,,,,,,,,,,,,,,,,,,,,,,,,,,,,,,,,,,,,,,,,,,,,,
125,stormous,"Crypto-Ransomware, Data Broker, RaaS",2021,,Russia,,T1204,T1070,T1217,T1082,T1083,T1486,T1490,,,,,,,,,,,,,,,,,,,,,,,,,,,,,,,,,,,,,,,,,,,,,,,,,,,,,,,,,,,,,,,,,,,,,,,,,,,,,,,,,,,,,,,,,,,,,,,,,,,,,,,,
126,suncrypt,"Crypto-Ransomware, RaaS",2019,2022,,,T0127,T1497,T1083,T1082,T1033,T1129,,,,,,,,,,,,,,,,,,,,,,,,,,,,,,,,,,,,,,,,,,,,,,,,,,,,,,,,,,,,,,,,,,,,,,,,,,,,,,,,,,,,,,,,,,,,,,,,,,,,,,,,,
127,threeam,"Crypto-Ransomware, Data Broker, HumOR",2023,,Russia,,TA0003,TA0004,TA0005,TA0007,TA0010,TA0040,T1136,T1548.002,T1562.004,T1135,T1048,T1490,T1543.003,T1070.001,T1486,T1018,T1053,T1082,T1140,T1083,T1518,T1021,T1005,T1056,T1071,T1041,T1491,T1499,T1615,,,,,,,,,,,,,,,,,,,,,,,,,,,,,,,,,,,,,,,,,,,,,,,,,,,,,,,,,,,,,,,,,,,,,,,,,,,,,,,,,,
128,toufan,"Data Broker, Wiper",2023,2023,Iran,,T1485,T1595,T1583,T1027,,,,,,,,,,,,,,,,,,,,,,,,,,,,,,,,,,,,,,,,,,,,,,,,,,,,,,,,,,,,,,,,,,,,,,,,,,,,,,,,,,,,,,,,,,,,,,,,,,,,,,,,,,,
129,trigona,"Crypto-Ransomware, Data Broker",2022,,,,T1190,T1547.001,T1140,T1218.005,T1036.005,T1497.003,T1083,T1135,T1033,T1529,T1486,T1485,,,,,,,,,,,,,,,,,,,,,,,,,,,,,,,,,,,,,,,,,,,,,,,,,,,,,,,,,,,,,,,,,,,,,,,,,,,,,,,,,,,,,,,,,,,,,,,,,,,
130,trinity,"Crypto-Ransomware, Data Broker",2024,,Russia,,T1071.001,T1071.002,T1041,T1027,T1070.001,,,,,,,,,,,,,,,,,,,,,,,,,,,,,,,,,,,,,,,,,,,,,,,,,,,,,,,,,,,,,,,,,,,,,,,,,,,,,,,,,,,,,,,,,,,,,,,,,,,,,,,,,,
131,trisec,"Crypto-Ransomware, Data Broker",2024,,,,T1486,T1071.001,T1071.002,,,,,,,,,,,,,,,,,,,,,,,,,,,,,,,,,,,,,,,,,,,,,,,,,,,,,,,,,,,,,,,,,,,,,,,,,,,,,,,,,,,,,,,,,,,,,,,,,,,,,,,,,,,,
132,underground,"Crypto-Ransomware, Data Broker",2023,,,,T1071,T1210,T1059,,,,,,,,,,,,,,,,,,,,,,,,,,,,,,,,,,,,,,,,,,,,,,,,,,,,,,,,,,,,,,,,,,,,,,,,,,,,,,,,,,,,,,,,,,,,,,,,,,,,,,,,,,,,
133,unsafe,Data Broker,2022,,,,T1071.001,T1059,T1486,,,,,,,,,,,,,,,,,,,,,,,,,,,,,,,,,,,,,,,,,,,,,,,,,,,,,,,,,,,,,,,,,,,,,,,,,,,,,,,,,,,,,,,,,,,,,,,,,,,,,,,,,,,,
134,unsafeleak,Data Broker,2021,2022,,,T1598,T1071,,,,,,,,,,,,,,,,,,,,,,,,,,,,,,,,,,,,,,,,,,,,,,,,,,,,,,,,,,,,,,,,,,,,,,,,,,,,,,,,,,,,,,,,,,,,,,,,,,,,,,,,,,,,,
135,vendetta,Crypto-Ransomware,2023,2023,Russia,,T1059,T1083,T1486,,,,,,,,,,,,,,,,,,,,,,,,,,,,,,,,,,,,,,,,,,,,,,,,,,,,,,,,,,,,,,,,,,,,,,,,,,,,,,,,,,,,,,,,,,,,,,,,,,,,,,,,,,,,
136,vicesociety,Data Broker,2021,2023,Russia,,T1190,T1078,T1047,T1053,T1543003,T1547001,T1574002,T1068,T1036,T1055,T1497,T1080,T1486,T1531,TA0010,,,,,,,,,,,,,,,,,,,,,,,,,,,,,,,,,,,,,,,,,,,,,,,,,,,,,,,,,,,,,,,,,,,,,,,,,,,,,,,,,,,,,,,,,,,,,,,,
137,werewolves,Data Broker,2022,,Belarus,,,,,,,,,,,,,,,,,,,,,,,,,,,,,,,,,,,,,,,,,,,,,,,,,,,,,,,,,,,,,,,,,,,,,,,,,,,,,,,,,,,,,,,,,,,,,,,,,,,,,,,,,,,,,,,,
138,xinglocker,Crypto-Ransomware,2021,2021,,,T1003,T1021.002,T1033,T1046,T1047,T1053,T1055,T1059.001,T1069.002,T1083,T1134,T1135,T1482,T1486,T1518.001,T1562.001,,,,,,,,,,,,,,,,,,,,,,,,,,,,,,,,,,,,,,,,,,,,,,,,,,,,,,,,,,,,,,,,,,,,,,,,,,,,,,,,,,,,,,,,,,,,,,,
139,yanluowang,"Crypto-Ransomware, HumOR",2021,2022,Russia,,,,,,,,,,,,,,,,,,,,,,,,,,,,,,,,,,,,,,,,,,,,,,,,,,,,,,,,,,,,,,,,,,,,,,,,,,,,,,,,,,,,,,,,,,,,,,,,,,,,,,,,,,,,,,,,
140,zerotolerance,Data Broker,2024,,,,,,,,,,,,,,,,,,,,,,,,,,,,,,,,,,,,,,,,,,,,,,,,,,,,,,,,,,,,,,,,,,,,,,,,,,,,,,,,,,,,,,,,,,,,,,,,,,,,,,,,,,,,,,,,,,
141,brainchiper,Crypto-Ransomware,2024,,,,T1190,T1059.001,T1053.005,T1068,T1027,T1112,T1070.004,T1555.003,T1083,T1021,T1560.001,T1090.003,T1048.002,,,,,,,,,,,,,,,,,,,,,,,,,,,,,,,,,,,,,,,,,,,,,,,,,,,,,,,,,,,,,,,,,,,,,,,,,,,,,,,,,,,,,,,,,,,,,,,,,,
142,arvin club,Crypto-Ransomware,2021,2022,Russia,,T1071,T1203,T1486,T1021,T1105,,,,,,,,,,,,,,,,,,,,,,,,,,,,,,,,,,,,,,,,,,,,,,,,,,,,,,,,,,,,,,,,,,,,,,,,,,,,,,,,,,,,,,,,,,,,,,,,,,,,,,,,,,
143,fog,,2024,,,,T1133,T1078,T1046,T1135,T1021,T1570,T1003,T1555,T1110,T1136,T1059,T1569,T1562,T1550,T1140,T1070,T1486,T1490,T1489,T1021.001,T1021.002,T1003.003,T1110.004,T1136.001,T1059.003,T1569.002,T1562.001,T1550.002,T1070.004,,,,,,,,,,,,,,,,,,,,,,,,,,,,,,,,,,,,,,,,,,,,,,,,,,,,,,,,,,,,,,,,,,,,,,,,,,,,,,,,,,
144,Pryx,,2024,,,,T1566,T1078,T1486,,,,,,,,,,,,,,,,,,,,,,,,,,,,,,,,,,,,,,,,,,,,,,,,,,,,,,,,,,,,,,,,,,,,,,,,,,,,,,,,,,,,,,,,,,,,,,,,,,,,,,,,,,,,
145,vanirgroup,,2024,,Russia,,T1566,T1190,T1059,T1204,T1027,T1486,T1485,,,,,,,,,,,,,,,,,,,,,,,,,,,,,,,,,,,,,,,,,,,,,,,,,,,,,,,,,,,,,,,,,,,,,,,,,,,,,,,,,,,,,,,,,,,,,,,,,,,,,,,,
146,Helldown,Crypto-Ransomware,2024,,EU orientale o ASIA,,T1566,T1190,T1059,T1204,T1027,T1486,T1485,T1562,,,,,,,,,,,,,,,,,,,,,,,,,,,,,,,,,,,,,,,,,,,,,,,,,,,,,,,,,,,,,,,,,,,,,,,,,,,,,,,,,,,,,,,,,,,,,,,,,,,,,,,
147,Valencia Leaks,Data Broker,2024,,EU orientale o ASIA,,T1566,T1190,T1027,T1486,T1071,T1485,,,,,,,,,,,,,,,,,,,,,,,,,,,,,,,,,,,,,,,,,,,,,,,,,,,,,,,,,,,,,,,,,,,,,,,,,,,,,,,,,,,,,,,,,,,,,,,,,,,,,,,,,
,Ako,,2020,2020,Russia,,T1566,T1190,T1059,T1204,T1547,T1068,T1027,T1562,T1003,T1021,T1486,T1485,,,,,,,,,,,,,,,,,,,,,,,,,,,,,,,,,,,,,,,,,,,,,,,,,,,,,,,,,,,,,,,,,,,,,,,,,,,,,,,,,,,,,,,,,,,,,,,,,,,
,zeppelin,,,,,,T1566,T1543.003,T1204.002,T1190,T1133,T1204.001,T1486,TA0007,TA0010,T1566,TA0007,TA0010,T1486,T1204.001,T1204.002,T1543.003,,,,,,,,,,,,,,,,,,,,,,,,,,,,,,,,,,,,,,,,,,,,,,,,,,,,,,,,,,,,,,,,,,,,,,,,,,,,,,,,,,,,,,,,,,,,,,,
,HsHarada,,2023,,,,,,,,,,,,,,,,,,,,,,,,,,,,,,,,,,,,,,,,,,,,,,,,,,,,,,,,,,,,,,,,,,,,,,,,,,,,,,,,,,,,,,,,,,,,,,,,,,,,,,,,,,,,,,,,,,
,Magaskosh,,,,,,TA0002,T1106,TA0003,T1547.001,TA0004,T1547.001,TA0005,T1027,T1027.002,T1036,T1070.006,T1562.001,TA0007,T1012,T1082,,,,,,,,,,,,,,,,,,,,,,,,,,,,,,,,,,,,,,,,,,,,,,,,,,,,,,,,,,,,,,,,,,,,,,,,,,,,,,,,,,,,,,,,,,,,,,,,
,phobos,,,,,,T1001.003,T1657,T1087.002,T1078,T1140,T1555.005,T1555,T1595.001,T1134.002,T1059.003,T1490,T1567.002,T1057,T1003.001,T1048,T1003.005,T1555.003,T1071.002,T1218.005,T1133,T1055.004,T1593,T1106,T1562.004,T1219,T1560,T1547.001,T1598,T1204.002,T1588.002,T1047,T1486,T1134.001,T1083,T1585,T1027.002,T1105,T1110,T1082,T1027.009,T1055.002,T1566.001,T1562,,,,,,,,,,,,,,,,,,,,,,,,,,,,,,,,,,,,,,,,,,,,,,,,,,,,,,,,,,,,,,,,,,,,
,Yashma,,2023,,Vietnam,,TA0002,T1053,T1064,T1129,TA0003,T1547.001,TA0004,TA0005,T1027,T1036,T1070.004,T1140,T1222,T1497,T1562.001,TA0006,T1003,TA0007,T1010,T1012,T1033,T1057,T1082,T1083,T1518,T1518.001,TA0009,T1005,T1115,TA0011,T1105,TA0034,T1486,T1490,,,,,,,,,,,,,,,,,,,,,,,,,,,,,,,,,,,,,,,,,,,,,,,,,,,,,,,,,,,,,,,,,,,,,,,,,,,,,
,Salt Typhoon,,2020,,China  ,,,,,,,,,,,,,,,,,,,,,,,,,,,,,,,,,,,,,,,,,,,,,,,,,,,,,,,,,,,,,,,,,,,,,,,,,,,,,,,,,,,,,,,,,,,,,,,,,,,,,,,,,,,,,,,,
,,,,,,,,,,,,,,,,,,,,,,,,,,,,,,,,,,,,,,,,,,,,,,,,,,,,,,,,,,,,,,,,,,,,,,,,,,,,,,,,,,,,,,,,,,,,,,,,,,,,,,,,,,,,,,,,,,,,,
,GIALLO= da controllare (evt.doppioni),,,,,,,,,,,,,,,,,,,,,,,,,,,,,,,,,,,,,,,,,,,,,,,,,,,,,,,,,,,,,,,,,,,,,,,,,,,,,,,,,,,,,,,,,,,,,,,,,,,,,,,,,,,,,,,,,,,,
,,,,,,,,,,,,,,,,,,,,,,,,,,,,,,,,,,,,,,,,,,,,,,,,,,,,,,,,,,,,,,,,,,,,,,,,,,,,,,,,,,,,,,,,,,,,,,,,,,,,,,,,,,,,,,,,,,,,,
,,,,,,,,,,,,,,,,,,,,,,,,,,,,,,,,,,,,,,,,,,,,,,,,,,,,,,,,,,,,,,,,,,,,,,,,,,,,,,,,,,,,,,,,,,,,,,,,,,,,,,,,,,,,,,,,,,,,,
,,,,,,,,,,,,,,,,,,,,,,,,,,,,,,,,,,,,,,,,,,,,,,,,,,,,,,,,,,,,,,,,,,,,,,,,,,,,,,,,,,,,,,,,,,,,,,,,,,,,,,,,,,,,,,,,,,,,,
,Aqua Blizzard,,,,,,T1214,T1074,T1105,T1203,T1064,T1204,T1060,T1053,T1023,T1027,T1036,,,,,,,,,,,,,,,,,,,,,,,,,,,,,,,,,,,,,,,,,,,,,,,,,,,,,,,,,,,,,,,,,,,,,,,,,,,,,,,,,,,,,,,,,,,,,,,,,,,,
,Citrine Sleet,,,,North Korea,,,,,,,,,,,,,,,,,,,,,,,,,,,,,,,,,,,,,,,,,,,,,,,,,,,,,,,,,,,,,,,,,,,,,,,,,,,,,,,,,,,,,,,,,,,,,,,,,,,,,,,,,,,,,,,,
,Cotton Sandstorm,,,,,,,,,,,,,,,,,,,,,,,,,,,,,,,,,,,,,,,,,,,,,,,,,,,,,,,,,,,,,,,,,,,,,,,,,,,,,,,,,,,,,,,,,,,,,,,,,,,,,,,,,,,,,,,,,,,,
,CyberAv3ngers,,,,,,,,,,,,,,,,,,,,,,,,,,,,,,,,,,,,,,,,,,,,,,,,,,,,,,,,,,,,,,,,,,,,,,,,,,,,,,,,,,,,,,,,,,,,,,,,,,,,,,,,,,,,,,,,,,,,
,DragonOK,,,,,,,,,,,,,,,,,,,,,,,,,,,,,,,,,,,,,,,,,,,,,,,,,,,,,,,,,,,,,,,,,,,,,,,,,,,,,,,,,,,,,,,,,,,,,,,,,,,,,,,,,,,,,,,,,,,,
,Flax Typhoon,,,,,,,,,,,,,,,,,,,,,,,,,,,,,,,,,,,,,,,,,,,,,,,,,,,,,,,,,,,,,,,,,,,,,,,,,,,,,,,,,,,,,,,,,,,,,,,,,,,,,,,,,,,,,,,,,,,,
,Granite Typhoon,,,,,,,,,,,,,,,,,,,,,,,,,,,,,,,,,,,,,,,,,,,,,,,,,,,,,,,,,,,,,,,,,,,,,,,,,,,,,,,,,,,,,,,,,,,,,,,,,,,,,,,,,,,,,,,,,,,,
,Jade Sleet,,,,,,,,,,,,,,,,,,,,,,,,,,,,,,,,,,,,,,,,,,,,,,,,,,,,,,,,,,,,,,,,,,,,,,,,,,,,,,,,,,,,,,,,,,,,,,,,,,,,,,,,,,,,,,,,,,,,
,Lotus Blossom,,,,,,,,,,,,,,,,,,,,,,,,,,,,,,,,,,,,,,,,,,,,,,,,,,,,,,,,,,,,,,,,,,,,,,,,,,,,,,,,,,,,,,,,,,,,,,,,,,,,,,,,,,,,,,,,,,,,
,Midnight Blizzard,,,,,,,,,,,,,,,,,,,,,,,,,,,,,,,,,,,,,,,,,,,,,,,,,,,,,,,,,,,,,,,,,,,,,,,,,,,,,,,,,,,,,,,,,,,,,,,,,,,,,,,,,,,,,,,,,,,,
,Mint Sandstorm,,,,,,,,,,,,,,,,,,,,,,,,,,,,,,,,,,,,,,,,,,,,,,,,,,,,,,,,,,,,,,,,,,,,,,,,,,,,,,,,,,,,,,,,,,,,,,,,,,,,,,,,,,,,,,,,,,,,
,NEODYMIUM,,,,,,,,,,,,,,,,,,,,,,,,,,,,,,,,,,,,,,,,,,,,,,,,,,,,,,,,,,,,,,,,,,,,,,,,,,,,,,,,,,,,,,,,,,,,,,,,,,,,,,,,,,,,,,,,,,,,
,Nylon Typhoon,,,,,,,,,,,,,,,,,,,,,,,,,,,,,,,,,,,,,,,,,,,,,,,,,,,,,,,,,,,,,,,,,,,,,,,,,,,,,,,,,,,,,,,,,,,,,,,,,,,,,,,,,,,,,,,,,,,,
,robinhood,,,,,,,,,,,,,,,,,,,,,,,,,,,,,,,,,,,,,,,,,,,,,,,,,,,,,,,,,,,,,,,,,,,,,,,,,,,,,,,,,,,,,,,,,,,,,,,,,,,,,,,,,,,,,,,,,,,,
,Seashell Blizzard,,,,,,,,,,,,,,,,,,,,,,,,,,,,,,,,,,,,,,,,,,,,,,,,,,,,,,,,,,,,,,,,,,,,,,,,,,,,,,,,,,,,,,,,,,,,,,,,,,,,,,,,,,,,,,,,,,,,
,Secret Blizzard,,,,,,,,,,,,,,,,,,,,,,,,,,,,,,,,,,,,,,,,,,,,,,,,,,,,,,,,,,,,,,,,,,,,,,,,,,,,,,,,,,,,,,,,,,,,,,,,,,,,,,,,,,,,,,,,,,,,
,Safepay,2024,,,,,TA0001,TA0002,TA0003,TA0004,TA0005,TA0006,TA0007,TA0008,TA0009,TA0010,TA0040,,T1059,T1078,T1078,T1562.001,T1003,T1482,,T1560,T1567.002,T1486,T1047,T1490,,,,,,,,,,,,,,,,,,,,,,,,,,,,,,,,,,,,,,,,,,,,,,,,,,,,,,,,,,,,,,,,,,,,,,,,,,,,,,,,,,,,,,,